sku,name,supplier,replacement_sku,is_exchange
000000000,בית פנס לריאו,,,לא
000909162,"קטלוג ח""ח נגמשים כרך א",,,לא
000909173,"קטלוג ח""ח נגמשים כרך ב",,,לא
000909386,קטלוג חח ריאו קמינס דיזל כרך א,,,לא
000909394,קטלוג חח ריאו קמינס דיזל כרך ב,,,לא
000909408,"קטלוג ח""ח האמר A2 כרך א",,,לא
000909416,"קטלוג ח""ח האמר A2 כרך ב",,,לא
000909548,ללא שם,,,לא
000910236,"קטלוג ח""ח; משאית אושקוש, כרך א",,,לא
000910244,"קטלוג ח""ח; משאית אושקוש, כרך ב",,,לא
010014204,"צב""ד יעודי להעברת הילוכים",,,לא
010577144,פין וו גרירה,,,לא
010577195,תותב וו גרירה אחורי ומגן גחון,,,לא
0107-39527,פין מנוף ( בורג להילוכי חירום ),,,לא
010739527,פין מנוף ( בורג להילוכי חירום ),,,לא
010744539,קפיץ מערכת מאיץ פומה / מרכבה,,,לא
010791642,חבק למיכל כבוי אש,,,לא
011335357,מתג ראשי 24 וולט 1753361,,,לא
011335390,מתג תאורה מכלל,,,לא
011341152,סילב 24 וולט,,,לא
011343554,כפתור מתג פנס תקרה,,,לא
011345638,שקע התנעה בין טנקים,,,לא
011348807,מחבר גומי מהיר נקבי,,,לא
011348815,שרוול פלסטי למחבר חשמלי אטום,,,לא
011348890,סופית חיבור כבל למחבר אטום,,,לא
011356990,נתיך אוטומטי 50A,,,לא
011427553,פין למחבר,,,לא
011513808,"מכסה פתח מץדלק נגמ""ש",,,לא
011515967,ברך צינור הרקה משאבת מזרק,,,לא
011528473,נתיך 15 אמפר,,,לא
011528740,דסקית עצירה סופית כבל,,,לא
011530168,מחבר גומי מהיר זיכרי,,,לא
011531547,יחידת שליחה לחץ נמוך מנוע,,,לא
011535160,מחבר נקבה,,,לא
0116-22003,מחבר זרנוק יניקת אוויר,,,לא
011600468,לולב מחבר מקבע אחורי מנוע,,,לא
011607369,גלאי אש,,,לא
011610102,יחידת שליחה חום מנוע וממסרת,,,לא
011616178,מאוורר למנוע מגח/שוט/מרכבה,,,לא
011621953,פומה/מרכבה - זרנוק יניקת אויר,,,לא
011622003,צמיד מחבר זרנוק יניקת אוויר,,,לא
011623174,רפוד,,,לא
011623506,מפוח מכלל,,,לא
011623697,זרנוק גומי למש פינוי אבק,,,לא
011623700,משאבת פינוי,,,כן
011623930,"אטם קונדסטור לבית מש""ת דלק",,,לא
011623948,אטם למכסה פתח מש',,,לא
011624057,ברז סוגר מעבר מיכלי דלק,,,לא
011624065,אטם לצינור מחבר מיכלידלק,,,לא
011624685,דיסקית שתוחה 3/8,,,לא
011624723,כבל הארקה למיכלי דלק,,,לא
011628338,אטם מסננת דלק משנית,,,לא
011629474,צינורית דלק למחמם סעפת,,,לא
011635750,מברשת מגע חשמלי,,,לא
011639739,מחוון חום שמן מנוע 1335659,,,לא
011640389,נורית אזהרה לוח מחוונים,,,לא
011641709,מתג בורר דלק מכלל,,,לא
011644716,פנס אחורי בילום שמאלי,,,לא
011644732,מסגרת פנס מכלל,,,כן
011646000,פנס תיקרה ואורות התראה,,,לא
011646018,נגד לפנס תיקרה מכלל,,,לא
011647014,יחידת שליחה לחץ שמן ממסרת,,,לא
011647561,מגף נעלי כבל מצבר,,,לא
011655050,קצה כבל מפלג צריח מכלל,,,לא
011657249,מכלל ירי בעל 3 יציאות,,,לא
011659853,מוליך מכלל למפוח מסנן אויר,,,לא
011660126,פתיל הזנת משאבת דלק,,,לא
011660134,מחבר גומי כפול נקבי,,,לא
011660169,"קונדסטור לבית מש""ת דלק טבולה",,,לא
011661513,בורג 3/4,,,לא
011686826,מסב הפעלת היגוי (כולם),,,לא
011715672,אטם למתאם גלאי אבק מדחס טורבו,,,לא
011811698,טבעת,,,לא
011811701,זרנוק תעלת אוויר פינוי אבק,,,לא
011830404,ממסר 24 וולט רוכב,,,לא
011910823,דסקית.שבירה ללחצן כיבוי אש,,,לא
011911064,בורג לדורגל,,,לא
011921728,מתג מתנע 1641059,,,לא
011927025,מהדקת כבל חשמלי תובה,,,לא
011955053,מתג לחץ,,,לא
011997309,רתמת וילון,,,לא
012100051,מסנן שמן מכלל לחרום,,,לא
012100078,"מתנע מכלל מנוע נגמ""ש",,,לא
012100140,אטם מכסה שסתומים,,,לא
012100272,אטם סעפת פליטה,,,לא
012100345,אטם בית גלגל סמך מפוח,,,לא
012100388,אטם משאבה מים,,,לא
012103816,צינור ברך יציאת מים מקרן שמן,,,לא
012103824,צמיד צינור גומי ברך יציאת מים,,,לא
012103859,צינור גומי יציאת מים מקר שמן,,,לא
012104359,זרנוק מכלל מסנן שמן מנוע,,,לא
012104367,צינור מסנן שמן מנוע מכלל,,,לא
012104456,צינורית גומי צינור מילוי שמן מנוע,,,לא
012104634,צינור שמן מכלל,,,לא
012104723,קרב מסנן שמן מנוע,,,לא
012104731,אטם מכסה מסנושמן,,,לא
012104758,אטם צואר מסנן,,,לא
012104782,אטם מסנן שמן,,,לא
012104812,צנורית תיבת אויר שמאל,,,לא
012105800,סעפת פליטה מנוע,,,לא
012110146,צינור דלק כניסה ויציאה מזרק,,,לא
012111045,מחבר ניתוק מהיר מסנן דלק,,,לא
012111061,צינור כניסה דלק מכלל,,,לא
012111070,צינור דלק מכלל ממש דלק למסננים,,,לא
012111088,צינור דלק ממסנן דלק משני למנוע,,,לא
012111096,זרנוק גומי משורן מיכל חזרה דלק,,,לא
012111100,מחבר מכלל צינור דלק ניתוק מהיר,,,לא
012111185,ברז שחרור לחץ דלק,,,לא
012111304,עול גל הינע משאבת דלק,,,לא
012111819,צינור כניסת אויר למסנן אויר,,,לא
012111908,בית מסנן אויר,,,לא
012111916,קרב מסנן אויר,,,לא
012111967,מחבר ברך צנור דלק,,,לא
012112505,טבעת קפיצי עצר גל הנע מפוח,,,לא
012112513,גל הנע מפוח,,,לא
012113137,ברז סגירה דלק מנוע מיכל דלק,,,לא
012113153,מחבר ברך בחיבור לברז דלק,,,לא
012113170,מחבר ברך צינור חיבור מיכל דלק,,,לא
012114982,מסנן דלק ראשוני מכלל,,,לא
012114990,מסנן דלק משני מכלל,,,לא
012115008,קרב מסנן דלק ראשוני,,,לא
012115016,אטם מכסה מסננת דלק ראשני,,,לא
012115024,לולב מסננת דלק,,,לא
012115032,קרב מסנן דלק משני,,,לא
012116500,ידית בקרה מכלל,,,לא
012116519,ידית בקרה משבק מכלל,,,לא
012116527,זרוע מכלל דוושת מאיץ,,,לא
012116802,זרוע מכלל בקרת משנק,,,לא
012116837,מוט חיבור מכלל הפעלה משנק דלק,,,לא
012116985,מוט בקרה מכלל מדיד מצערת A1,,,לא
012118007,מהדקת צינור פליטה עמם,,,לא
012118015,מהדקת מצמד צינור פליטת מפרק,,,לא
012118503,מכסה רדיאטור מכלל,,,לא
012118597,מצנן מים,,,לא
012118813,צינור מים טרמוסטט אלומיניום,,,לא
012118821,צינור יציאה טרמוסטת סיליק,,,לא
012118830,גוף בית טרמוסטט קירור מנוע,,,לא
012118864,מכסה טרמוסטט מכלל,,,לא
012118872,טרמוסטט קירור מנוע,,,לא
012118899,צינורית מים עקומה רדיאטור,,,לא
012118902,מהדקת צינור אוררור רדיאטור,,,לא
012118910,צינור גומי הקזה אויר 72 סמ,,,לא
012118929,מהדקת צינור גומי רדיאטור,,,לא
012118937,מחבר ברך צינור רדיאטור,,,לא
012118945,תותב צינור רדיאטור,,,לא
012118953,ברך צינור אוגן יציאת מנוע רדיטור,,,לא
012118961,אטם אוגן ברך יציאת מנוע רדיטור,,,לא
012118970,מחבר ברך מים,,,לא
012118996,אטם אוגן ברך צינור כניסה מנוע,,,לא
012119011,צינור ברך כניסה רדיטור,,,לא
012119020,מהדקת צינור רדיטור יציאת מים,,,לא
012119038,צינור רדיאטור יציאת מים,,,לא
012119089,סתם גומי טרמוסטט,,,לא
012119097,זרנוק רדיאטור סיליקוני,,,לא
012119801,גלגלת מתיחה רצועת מכלל,,,לא
012120303,גלגילה כפולה סרק רצועה מאורר,,,לא
012120478,יתד גל הנע מאוורר קירור רדיאטור,,,לא
012120532,אום משושה סגר גל הנע אימפלר,,,לא
012120583,בית מסב גל הנע מאוור קירור,,,לא
012120591,פין חיזוק בית מסב גל הנע מאורר,,,לא
012120605,מסב כדוריות גל הנע מאורר קירו,,,לא
012120613,גל הנע מאורר קירור מנוע,,,לא
012120621,"טבעת חסימה ""O"" קצה גל הנעה מאוו",,,לא
012120656,ממסר הגברת מהירות הינע מאורר,,,לא
012122292,גלגילה כפולה אלטרנטור,,,לא
012122411,אלטרנטור מכלול,,,לא
012122810,ווסת טעינה דינמו מנוע,,,לא
012125135,מוליך חשמלי ממסר מתנע,,,לא
012125186,מוליך חשמלי מתנע ממסר,,,לא
012125216,ממסר מתג מתנע מנוע,,,לא
012126506,מתג הפעלה ראשי,,,לא
012128983,פנס חזית ראש תאורה,,,כן
012130511,יח שליחה לח. שמן,,,לא
012130945,מוליך חשמלי מצברים הארקה,,,לא
012132158,מוליך חשמלי חום שמן שונים דיפר,,,לא
012136927,דיסקית ביטחון לולב סגר קצה אוגן,,,לא
012137265,"גל מכלל ברך בקרה ידית תיבה מ""מ",,,לא
012137737,בורר הילוכים מכלל,,,לא
012137745,מוט חיבור מכלל בורר הילוכים תי,,,לא
012137761,זרוע הפעלת קצה מוט חיבור בורר,,,לא
012137788,גל גישור בין בורר לת'ה,,,לא
012137915,מתג ידית בורר הילוכים,,,לא
012138016,אטם מגופת ריקון (נחושת),,,לא
012140690,אטם מסנן שמן ממסרת (שעמ),,,לא
012140754,קרב מסנן שמן ממסרת,,,לא
012140983,צינור שמן מכלול מקרר שמן לדיפרנציאל,,,לא
012140991,צינור שמן מכלול ממקרר שמן למסנן,,,לא
012141009,צינור מכלל כניסה מקרן שמן,,,לא
012141017,זרנוק גומי מכלל יציאה מקרר שמן,,,לא
012142595,גלגלית הינע אלטרנטור מכלל,,,לא
012142625,קולר שמן גלגלית אלטרנטור (סיליקון),,,לא
012142668,מגופת הורכת שמן תיבת העברה (קצר),,,לא
012142960,קולר שמן החלקה למזווג (סיליקון),,,לא
012143087,מצמדד הינע משאבה הידראולית תיבה,,,לא
012143095,טבעת עצר מצמדד הינע משאבה הידראולית,,,לא
012143133,תמך משאבה סיבובית תיבה ממסרת ה,,,לא
012143311,מגופה הרקת שמן תיבה ממסר,,,לא
012145004,צלב מפרק הינע סופי דיפרנציאל,,,לא
012145047,גל הינע עול מדיפרנציאל לממסרת,,,לא
012145055,עול מפרק אונברסלי הינע דיפרנציאלי,,,לא
012145063,לוח מרכזי מחבר אוניברסלי דיפרנציאלי,,,לא
012145071,גל הינע הנע סופי שמאל דיפרניצאל,,,לא
012145098,דיסקית פלדה גל הינע,,,לא
012145721,מתאם מפרק אונברסלי הינע סופי,,,לא
012147538,מחבר מהיר מסנן שמן דיפרנציאל,,,לא
012147554,צינור מסנן שמן דיפרנציאל מכל,,,לא
012147600,זרנוק גומי מכלל משאבת שמן מסנן,,,לא
012147619,טבעת חסימה חיבור ברך משאבת שמן,,,לא
012147643,מסנן שמן דיפרנציאל מכלל,,,לא
012147708,"הינע סופי נגמ""ש באריזת עץ",,,לא
012149506,מוט פיתול שמאלי,,,לא
012149522,מוט פיתול ימני,,,לא
012149549,"גלגל מרכוב נגמ""ש אלומיניום",,,לא
012149573,בורג ראש משושה חיזוק זרוע גלגל,,,לא
012149603,מתלה אמצעי מכלל,,,לא
012149611,מתלה שמאלי קדמי ואחורי מכלל,,,לא
012149620,מתלה ימני קדמי ואחורי מכלל,,,לא
012149743,לולב ראש משושה חיזוק בית טבור,,,לא
012149867,בית מתלה זרוע מרכוב זחל,,,לא
012149999,מכסה משופר טבור גלגל מרכוב,,,לא
012150105,זרוע מתח מכלל,,,לא
012150121,טבור מכלל גלגל מתח זחל,,,לא
012150130,לולב ארוך טבור זרוע מתח,,,לא
012150164,טבעת חסימה מיכל שמן כבש,,,לא
012150172,כוש זרוע גלגל מרכוב מתח,,,לא
012150482,גלגל מתח,,,כן
012150903,תוף הנעת זחל ללא זרים,,,לא
012150920,זר מניע זחל,,,לא
012150938,מרווח גומי לזר מניע,,,לא
012150970,"חוליית זחל נגמ""ש",,,לא
012151012,"אום סגירה עצמית חולייה זחל נגמ""ש",,,לא
012151020,פין חיבור חוליית זחל,,,לא
012151055,אום גלגל מרכוב,,,לא
012151977,שיפור ל012152493 פין היגוי ישן,,,לא
012152540,שן שמאלי מוט בקרה הגה דיפרנציאל,,,לא
012152566,מוט שן מחגר ידית היגוי,,,לא
012152612,שן מנוף בקרה יד הגה ימני דיפרנציאל,,,לא
012152698,שינן לתפיסת בלם חנייה,,,לא
012170360,גלגילה כבל הפעלת דלת אחורית,,,לא
012170394,כבל הרמת כבש מכלל,,,לא
012170548,שסתום בקרה מכלל הפעלת כבש,,,לא
012170580,זרנוק גומי מכלל מנגנון הידראולי,,,לא
012170599,צינור הידראולי מכלל,,,לא
012170629,זרנוק גומי מכלל מנגנון הידראולי,,,לא
012170700,שסתום לחץ מיכל שמן הידראולי דלת,,,לא
012173091,משענת כסה מתקפל שמאל,,,לא
012176317,בוכנה מכלל רמפה הידראולי משופר,,,לא
01219506,מוט פיתול שמאלי,,,לא
01219522,מוט פיתול ימני,,,לא
012210078,משאבת דלק חשמלי מכלל,,,לא
012212542,דסקית חסימה קצה צינורית דלק,,,לא
012213000,זרנוק גומי מכלל משאבה דלק מסנן,,,לא
012213263,זרנוק גומי חיבור אוורר מיכל,,,לא
012217064,בקרה מכלל עם ידית לחץ ומשיכה,,,לא
012217080,קפיץ חזרה מנוף דוושת רגל מאיץ,,,לא
012220030,מצנן נוזל קירור מנוע מכלול,,,לא
012221118,"זרנוק גומי רדיטור אורך 12 ס""מ",,,לא
012221134,מחבר ברך עם אוגן צינור כניסת,,,לא
012223218,גלגילה כפולה אחורי וקדמי גל הנע,,,לא
012242905,זרנוק גומי מכלל אוורר דיפרוציאה,,,לא
012243146,זרנוק גומי מכלל כניסת משאבה ממ,,,לא
012243618,לוח מרכזית צלבי מפרק אוניברסלי,,,לא
012244010,זרנוק גומי מכלל מסנן שמן דיפרנציאלי,,,לא
012244096,הינע סופי אלפא באריזת עץ,,,לא
012246013,מוט פיתולי שמאלי,,,לא
012246021,מוט פיתולי משופר ימין,,,לא
012248105,גל מוצק בקרה היגוי,,,לא
012279361,בית מחבר חשמלי תקע יחידה,,,לא
012416539,"משאבת מים משופרת נגמ""ש ברדלס",,,לא
012443102,משאבת כבש משופרת,,,לא
012466587,"גלגליה למניפה לנגמ""ש A1",,,לא
012468504,מותח זחל משופר,,,לא
012485115,ניפל,,,לא
012485336,צינור מסנן אויר א2,,,לא
012485433,"מצנן מים נגמ""ש A2",,,לא
012485638,ברך כניסה מים רדיאטור,,,לא
012485646,ברך יציאת מים רדיאטור,,,לא
012485689,צינור יציאת מים רדיאטור,,,לא
012485735,צינור כניסת מים לטרמוסטט,,,לא
012485743,ברך צינור יציאת מים לרדיאטור-,,,לא
012485760,גלגליה למניפה,,,לא
012486073,גלגל מתח פנימי,,,לא
012486102,מוט פיתול שמאל,,,לא
012486111,מוט פתול ימין,,,לא
012486120,מוט פתול שמאל,,,לא
012486944,יוק לתיבת הילוכים סי-7,,,לא
012487010,זרנוק גומי לרדיאטור משופר,,,לא
012487029,סט רצועות הנעה למניפה - 3 יח,,,לא
012487070,יוק לדיפרנציאל סי-7,,,לא
012487088,צלב לסי-7,,,לא
012487096,מיסב לגלגלת מתח מניפה,,,לא
012487169,בולם זעזועים,,,לא
012487185,גל הנע לסי-7,,,לא
012487207,זרוע גלגל מתח מכלל,,,לא
012487398,"מחזיר גריז זרוע מזקו""מ",,,לא
012487495,זרוע שמאל קידמי ואחורי חירום,,,לא
012487509,זרוע ימין קדמי ואחורי חירום,,,לא
014947180,ידית בלם יד האמר A2,,,לא
021043877,אום ה.ימנית ת כדורית UNF16,,,לא
021101311,משאבה דלק מכלל,,,לא
021220613,גל הנע מאוורר קירור מנוע,,,לא
026487714,מסנן סולר משני אושקוש,,,לא
028091460,מכסה מילוי שמן מנוע האמר A2,,,לא
028091770,מכסה דלק עם שרשרת,,,לא
028091834,אטם סעפת פליטה מנוע האמר A2,,,לא
028091940,טבעת קוני צינור פליטה המר A2,,,לא
028092229,מאוורר מנוע האמר A1,,,לא
028092245,רצועה לאלטרנטור האמר A1,,,לא
028092318,מתנע 24 וולט המר כל הדגמים,,,לא
028092849,מצת להט האמר ECV+2A,,,לא
028093110,לחצן ידיד הילוחים A1,,,לא
028093128,תפוח ידיד הילוחים האמר A1,,,לא
028093861,רפידת בלם קדמי האמר,,,לא
028094060,זרוע סרק הגה למוט קישור האמר A1,,,לא
028094078,תפוח יציאה מתיבת הגה A1,,,לא
028094116,קצה מוט קישור הגה ימין האמר,,,לא
028094345,בולם זעזועים אחורי האמר A2,,,לא
028095120,רצועת הנעה משוננת,,,לא
028095333,"מייצב רדיוס האמר 0A, 1A",,,לא
028097468,תפס מכסה מנוע,,,לא
028943962,אום ה שמאלי ברג חלול אופן כפול,,,לא
028943970,אום ה ימנית ברג חלול אופן כפול,,,לא
028943997,אום ה שמאל ת כדורית SUN-16,,,לא
031967082,חגורת בטיחות אינרציא האמר+אב,,,לא
032544487,אום לגלגל המר 9/16-18 A2,,,לא
032589049,צינור דלק 1/4 אביר המר,,,לא
032907504,מנעול דלת רכב דלת אחורי,,,לא
034700303,אטם למכסה נדנדים,,,לא
034700931,מתלה צינור פליטה האמר A2,,,לא
034704015,מהדק לצינור פליטה האמר,,,לא
034705801,משאבת מים להאמר A+ ECV-2,,,לא
034706158,ווסת לאלטרנטור A100-200-2,,,לא
034710333,גרמושקה ציריה חדש האמר,,,לא
034712018,מסנן שמן האמר A2,,,לא
034713120,רצועה מנוע למע איורור A2,,,לא
034740062,קליפר בלם אחורי שמאלי האמר,,,לא
034760810,תפס מוט מתוברג האמר,,,לא
034766002,פנס אחורי מכלל האמר,,,לא
034766436,בורג לתפס דלת קדמית המר A2,,,לא
034766630,סגר ימין לדלת המר A2,,,כן
034766649,תפס ימיני לשלדת האמר,,,לא
034767661,בוכנת גז דלת אחורי האמר,,,לא
034767742,בסיס אנטנה המר סיור - A2,,,לא
034780390,בקר מיתוג הצתה,,,כן
034788006,צינור מתכת מיכל דלק האמר A2,,,לא
034788022,צינור מתכת במיכל דלק המר 2A,,,כן
034789061,אטם בורג מיכל דלק האמר,,,לא
034799008,בנד במסנן אוויר האמר A2,,,לא
0349-47180,ידית בלם יד,,,לא
034901350,בורג אגן שמן מנוע אביר האמר,,,לא
034901473,משאבת דלק אטם מנוע המר ECV A2,,,כן
034909180,תושבת אלטרנטור לשימוש עם ברגים אורך,,,לא
034910308,"אגן שמן מנוע האמר A0, A1",,,לא
034910316,"קולר שמן לאמבט שמן מנוע 2,6 די",,,לא
034930260,זרוע מש דלק מנוע דיזל,,,לא
034930309,ציריה קדמית ימנית,,,כן
034930562,קרב מסנן דלק אביר האמר,,,לא
034930791,צירייה אחורית שמאל\ימין האמר A1,,,כן
034967253,קפיץ בידית דלת שמ תא נהג המר,,,לא
034968241,אטם גומי למסגרת חלון האמר,,,לא
034968250,שמשה חלון קדמית,,,לא
034968322,ידית חיצונית לדלת ברזנט המר A2,,,לא
034968330,ידית דלת פנימית ימין ברזנט,,,לא
034968349,ידית דלת פנימית שמאל ברזנט,,,לא
034969833,קפיץ בידית דלת ימ תא נהג המר,,,לא
034979030,שפריצר / ענית למתיז מים האמר,,,לא
034987050,מסנן אוויר מכלל האמר A2,,,לא
034988030,מסנן דלק ראשי גדול+אטם המר 2,,,לא
034988048,אטם מלבני למיכל דלק המר A2,,,לא
034988315,מיכל דלק מכלל המר A0,,,לא
034988587,תמך 12 גוגונים במיכל דלק האמר A2,,,לא
034998019,בורג ידית דלת המר 1.25,,,לא
037130141,בורג סך שמאל גלגל ריו 5ט סינגל,,,לא
037130150,בורג סך ימין גלגל ריו 5ט סינגל,,,לא
037130265,אטם אוגן הנע אופו קדמי סרן קדמי,,,לא
037130559,מגף גומי - פרק היגוי סרו קדמי,,,לא
037180840,פין גזירה גל הני כננת קדמית,,,לא
037347140,מנוף אם פין קשיש בלם,,,לא
037369756,בית מחבר כוח עזר מכלל,,,לא
037378380,אטם נחושת משאבת בלם דור ג',,,לא
037607134,מתג דריכה הפעלה בלם מנוע,,,לא
037640069,ערכת תיקון לתיבת הגה ריאו קמינ,,,לא
037686506,קרב מסנן דלק קמינס,,,לא
037695173,רצועה למניפה מנוע אושקוש,,,לא
037695190,זוג רצועות לאלטרנטור - אושקוש,,,לא
037695815,"אם אופן קידמי, ימין, אושקוש",,,לא
037695823,"אום, משושה, UN1-1/8 שמאל , ת. עגול",,,לא
037695858,אום אופן אחורי ימני - כל האושקוש,,,לא
037695866,"אום, משושה, ת.עגול, שמאל אושקוש",,,לא
037704490,מהדק לזרנוק כניסת אוויר - אושקוש,,,לא
037717240,מפסק הפעלת מנוע אושקוש,,,לא
037723312,עול תיבת העברה אושקוש,,,לא
037738417,עול נושא דיפרנציאל מס' 2 אושקוש,,,לא
037747327,תמך מדרגה תא נהג,,,לא
037747416,מדרגת עליה לתא נהג אושקוש,,,לא
037774596,להב מגב שמשות קדמיות - אושקוש,,,לא
037775150,מראת צד מכלל אושקוש,,,כן
037780065,פנס אחורי אושקוש,,,לא
037787051,קרב מסנן מפריד דלק מים לאושקוש,,,לא
037787108,אטם מפריד מים מע' דלק,,,לא
039012359,אטם נחושת גדול משאבת מים לבית,,,לא
040101705,אום סגירת גץמרכוב,,,לא
041009560,בורג חץ מכסה פתח אורור מיכל **,,,לא
041016221,לולב לאוגן דלק **,,,לא
041018011,רתמת הארקת מפוחים,,,לא
041018038,רתמה הזנה מפוחים,,,לא
041018216,שקע 5 פינים זכר מע חשמל אכז,,,לא
041021365,אטם,,,לא
041021853,קופסת הסתעפות קשר,,,כן
041022710,פנס אחורי ימין ס' 3,,,לא
041023791,פנס חטיבת פנים-צריח,,,לא
041027681,בורג נעילה לפלטות בזוקה,,,לא
041037440,סמך תלייה תחתון הרכבה,,,לא
041037458,אום אבטחה,,041357444,לא
041037482,קפיץ עלה אופיני,,,לא
041050047,גוז'נים הניע סופי,,,לא
041050438,אום ג'ל לבורגס. חיבור תוף,,,לא
041061529,קסוות לתוף הינע,,,לא
041061537,"זר מניע ס' 2, 3 ונמר",,,לא
041061561,אום תוף הינע,,,לא
041061570,בורג לזר מניע ( 041426047 ),,,לא
041063246,בורג הידוק מתלה לתובה,,,לא
041063459,בורג חיבור גלגל תמך למתלה,,,לא
041063491,ערכת אטימה גלגל תמך**,,,לא
041065575,צמיד לקפיץ,,,לא
041066792,קפיץ משיכה מחזיר דוושת בלם,,,לא
041067519,מעבר קיר לצנרת משאבת בלם,,,לא
041071397,צינור גמיש עודפי דלק למיכל,,,לא
041072741,קפיץ הארכה גלגלי מרכוב ותמך,,,לא
041074809,מכלל נעילה גלגל מרכוב ימין,,,לא
041074817,אום גלגל מרכוב ימין,,,לא
041074841,בורג חף גלגל מרכוב ימין ושמאל,,,לא
041074850,אום גלגל מרכוב שמאל,,,לא
041077786,רשת יניקה - כנף קדמיתצ ימנית,,,לא
041083239,פין אבטחת דלת סיפון,,,לא
041083816,אטם,,,לא
041085860,מוט למזלג לרצוע 4פ,,,לא
041089156,רצועה קצרה מיכל מים לשתיה,,,לא
041089326,כבל הארקה מיכל דלק פנימי ימי,,,לא
041089873,מכסה לפיית מילוי דלק **,,,לא
041089881,פין מכסה שריון-פתח מילוי דלק,,,לא
041090260,אטם שסתום ריקון,,,לא
041094222,גומי למתאם פריסקופ אמצעי,,,לא
041096012,תותב כדורי,,,לא
041096020,טבעת המיסב,,,לא
041096063,פין קפיצי,,,לא
041102098,דיסקית לידית דלת טיפולים,,,לא
041102128,בורג עזר לידית דלת טיפולים,,,לא
041102519,כוסית נוזל בלם,,,כן
041102560,אטם גומי לכוסית בלם,,,לא
041102802,קפיץ לידית בלם חניה,,,לא
041107740,פקק מכלל למיכל מים,,,לא
041108202,קפיץ בלם חנייה,,,לא
041114304,פין להדום מושב מפקד,,,לא
041117222,כיסא טען,,,לא
0411336110,כבל חיבור מארזים אחוריים,,,לא
041150319,מדף נהג משופר מכלל+מנגנון,,,כן
041160489,חיישן סל''ד כניסה-כיוון-יציא,,,לא
041160543,חיישן טמפ בקרה ושליחה,,,לא
041161019,רפידת בלם מכלל ממסרת טינו,,,לא
041162082,יוניט לחץ שמן ממסרת 2.5 בר,,,לא
041162090,יוניט לחץ שמן ממסרת 10 בר,,,לא
041162120,בורר הילוכים טינו,,,כן
041162325,בורר הילוכים מכלל דגם APV24V,,,כן
041171367,כדור ידית בורר הילוכים,,,לא
041172096,בולם זעזועים,,,לא
041172320,דיסקיות,,,לא
041173394,דיסקת לחץ למיקבעי ממסרת,,,לא
041174013,מיסב קצה מוט במע' היגוי,,,לא
041174021,מתאם למיסב קצה מוט במע' היגוי,,,לא
041174145,מגן אבק גיר סלקטור,,,לא
041184302,תפס לבסיס מאוורר נהג שוש 572,,,כן
041201835,רתמה מתג מאיט,,,לא
041201851,קופסת קשר PTT,,,לא
041201967,מתג לחיצה מאיט בהגה,,,לא
041208279,כבל מאיץ יד - לא כולל מעטפת,,,לא
041210915,פקק למתאם כוסית בלם,,,לא
041211016,דיסקית,,,לא
041211156,מוטות חיבור להיגוי,,,לא
041211237,ציר היגוי תא נהג,,,לא
041211288,קפיץ,,,לא
041211342,"מוט למערכת היגוי סימן 2,3",,,לא
041211415,מוט חיבור,,,לא
041221577,בורג חף לפגוש הידראולי,,,לא
041223057,פיטמת סיכה לפריקה צלב ספרי,,,לא
0412269219,פרפרית לאפיסקופ נהג,,,לא
041240059,ממסר הגנה למתח נמוך,,,כן
041268204,מדף דו צירי,,041450002,לא
041268522,"ציר מכסה פיית דלק מיגון בט""ש",,,לא
041268883,"בית פריסקופ דור ד לבט""ש 2",,,לא
041273054,ידית הפעלה,,,לא
041273062,ידית מדף מפקד,,,לא
041273070,ציר לידית הפעלה מדף מפקד,,,לא
041273151,קפיץ לידית הפעלה מדף מפקד,,,לא
0413-03638,מהדק אליפטי,,,לא
0413-04456,צינור גומי לנשם מנוע,,,לא
0413-04499,מהדק לצנרת יניקת אוויר,,,לא
0413-12130,אטם צינור יניקת אוויר צד שמאל,,,לא
0413-12190,אטם למוביל,,,לא
0413-12254,אום בית מכלל ( אום למהדק ),,,לא
041300396,ווסת 800 אמפר מנוע 1200,,,כן
041300779,מתג חום שמן מנוע 1200,,,לא
041301791,משאבת דלק מכנית מנוע 1200,,,לא
041303638,מהדק אליפטי,,,לא
041303662,צינור יניקה גמיש מסנן אחורי ימין,,,לא
041304014,קרב מסנן אוויר אינטגרלי,,,לא
041304065,"אטם ""O"" לצינור ממסנן אינט לטורבו",,,לא
041304456,צינור גומי לנשם מנוע,,,לא
041304499,מהדק לצנרת יניקת אוויר,,,לא
041305231,צינור עודפי דלק קשיח למיכלי,,,לא
041306050,"צינורגמיש למשאבתועדפים מ""א",,,לא
041306181,אטם מכסה משאבה,,,לא
041306246,אטם למחוש דלק מיכל אחורי,,,לא
041306343,מכסה תדלוק,,,לא
041306432,צינור גמיש לעודפים מיכל דלק,,,לא
041307005,"כנף מתקפל ימין, מכלל",,,כן
041307285,בורג חיבור כנפיים לתובה,,,לא
041308133,"גובל לפתיחת בית פנס שו""ש 692",,,לא
041308222,מנגנון קפיץ הידוק לכנף שמאל,,,לא
041309016,מגן רתמות פנס אחורי,,,כן
041309229,מוט הידוק למצבר תא זיווד,,,לא
041309237,פס מחזיק מצברים,,,לא
041309270,דלת לשקע התנעה כנף ימין,,,כן
041309342,דלת לקופסה ימין אחורי,,,לא
041309687,ידית לדלת של הכיבוי אש,,,לא
041309997,"התקן להגנת ידיים - מכלל שו""ש",,,לא
041310146,מכסה זווד אחורי ימין,,,כן
041310200,תותב לציר ידית תאי זווד,,,לא
041310219,דיסקית ידית תא זיווד,,,לא
041310243,לשונית לתא זיווד קדמי + תא מצברים,,,לא
041310251,מזלג לידית מכסה תאי זיווד,,,לא
041310260,ידית למכסה תאי זיווד,,,לא
041310324,קפיץ עליון ידית מכסה זווד,,,לא
041310332,קפיץ אמצעי ידית מכסה,,,לא
041310340,קפיץ תחתון ידית מכסה זווד,,,לא
041310383,פין לידית מכסה תא זיווד,,,לא
041310391,אטם מכסים לתאי זיווד,,,לא
041311509,צלב ספרי ארוך שמאל-פלנטרי,,,לא
041311517,צלב ספרי קצר ימין-פלנטרי,,,לא
041312114,אטם למתאם גלאי אבק מדחס טורבו,,,לא
041312122,אטם צינור יניקת אויר צד ימין,,,לא
041312130,אטם צנרת יניקת אוויר שמאל,,,לא
041312181,צינור גמיש מערכת יניקה,,,לא
041312190,אטם למוביל,,,לא
041312254,אום בית מכלל ( אום למהדק ),,,לא
041313072,פקק לפתח משאבת פינוי - משוש 73,,,לא
041313110,קרב סינון מסנן אוויר,,,לא
041313501,דלתא הידוק מסנן אוויר,,,לא
041313554,בורג הידוק דלת מסנן,,,לא
041313560,אטם דלת קירבי סינון מסנן,,,לא
041313579,שרוול מדורג למפוח,,,לא
041314060,חבק חיצוני למיכל דלק,,,לא
041314206,"תושבת,רכיבי רכב,רגל 1 לפרגולה,סימן 3",,,כן
041314214,"תושבת,רכיבי רכב,רגל 2 פרגולה,סימן 3",,,כן
041314222,"תושבת,רכיבי רכב,רגל 3 פרגולה,סימן 3",,,כן
041314230,"תושבת,רכיבי רכב,רגל 4 פרגולה,סימן 3",,,כן
041314249,"תושבת,רכיבי רכב,מתאם לרגל 1 לפרגולה,ס 3",,,כן
041314257,"תושבת,רכיבי רכב,מתאם לרגל 2 לפרגולה,סימן",,,כן
041314265,"תושבת,רכיבי רכב,מתאם לרגל 3 לפרגולה,ס 3",,,כן
041314273,"תושבת,רכיבי רכב,מתאם לרגל 4 לפרגולה,ס 3",,,כן
041314508,פנס קידמי מכלל,,,לא
041317019,משאבת דלק חשמלי,,,לא
041317257,כיסא נהג מכלל,,,כן
041317507,ארגז רימונים מודולרי בז,,,לא
041319020,צינור סעפת למיכל קידמי ימין,,,לא
041319038,צינור סעפת למיכל קידמי,,,לא
041319127,צינור עודפים 2 - ריצפת תא מנוע,,,לא
041319216,צינור סעפת/מ.אחוריים שמאל,,,לא
041319224,צינור עודפים שמ' 2 מחיצה תלת,,,לא
041319232,צינור סעפת מיכלים אחוריים ימ***,,,לא
041319240,צינור עודפים ימ' 2 מחיצה תלת,,,לא
041319453,צינור משאבה,,,לא
041319640,חיבור מהיר דלק זכר,,,לא
041319658,חיבור מהיר דלק זנרבה,,,לא
041321016,צינור שמן בלם ממשאבה לקיר,,,לא
041321024,צינור גמיש לכוסית שמן בלם,,,כן
041321032,מתאם מיתגי לחץ מע' בלם,,,לא
041321385,צנור שמן בלם תא מנוע,,,לא
041321709,משאבת בלם - דור ג,,,כן
041321725,מתג בלם,,,כן
041321741,פקק למיכל נוזל בלם שוש 793,,,לא
041321903,הגבה למכסה מכלל שמן,,,לא
041321989,מחבר מהיר זכר 1/4,,,לא
041321997,מחבר מהיר נקבה משוש 884,,,לא
041322101,פין למהפך היגוי,,,לא
041324350,מגרד בוץ לתוף מניע,,,לא
041324376,בורג חיבור,,,לא
041324929,הניע סופי פלנטרי,,,לא
041325054,טבעת חיבור מהיר לצלבים ספריי,,,לא
041326000,"גלגל מניע מכלל סימן 2,3,נמר",,,לא
041326034,פחית אבטחה לתוף מניע,,,לא
041326042,פחית אבטחה לזר מניע,,,לא
041326719,בורג לסיפון ממוגן,,,לא
041327022,"גלגל מתח סימן 3,4,נמר",,,לא
041327030,"ארכובה מתיחה ""למד"" לגלגל מתח",,,לא
041327081,מיסב פנימי גלגל מתח,,,לא
041327103,קאטרפילר,,,לא
041327120,פחית אבטחה לאום סרן גלגל מתח,,,לא
041327138,אום סרן גלגל מתח,,,לא
041327146,אום מתיחה ימין מנגנון מתח,,,לא
041327197,בורג מתח ימין,,,לא
041327200,בורג מתח זחל שמאל מנגנון מתח זחל,,,לא
041327251,אטם ״O” 139,,,לא
041327286,מיסב גלילי קוני פנימי,,,לא
041327359,צינור קשיח שמאל - מנגנון מתח זחל,,,כן
041327367,משאבת מתח זחל ימין,,,כן
041327375,משאבת מתח זחל שמאל,,,לא
041327413,בוכנה ימין למנגנון מתח זחל,,,לא
041327421,בוכנה ימין למנגנון מתח זחל,,,כן
041327502,"אטם ""O"" למכסי טבור גץמרכוב\מתח",,,לא
041327910,בורג למשאבת מתח זחל,,,לא
041328029,פין זחל חלול ס'-3,,,כן
041328126,"טבעת לחולית זחל ס' 3,4",,,לא
041328169,חוליות זחל מרכבה ס'3 כבדה,,,כן
041331003,גלגל תמך כפול קדמי - מכלל,,,כן
041331011,גלגל תמך כפול אחורי - מכלל,,,כן
041331020,גלגל תמך כפול שמאלי מיכלל,,,לא
041331097,גלגל תמך בודד,,,כן
041331135,פחית אבטחה לגלגל משוש 482,,,לא
041333006,מתלה ג.מרכוב מכלל שמ' עם מרס,,,לא
041333014,מתלה ג.מרכוב מכלל ימ' עם מרס,,,כן
041333030,בורג חיבור 1-1/8,,,לא
041333049,"בורג תליה ערכת קפיצים מזקו""מ",,,לא
041333235,פחית אבטחה שניה (חיצונית),,,לא
041333448,"אטם 315 ""O""",,,לא
041333456,ערכת אטימה טבור גלגל מרכוב,,,לא
041333499,טבעת מבוך,,,לא
041333502,טבעת עטימה,,,לא
041333510,פחית אבטחה למכסה טבור ג.מרכוב,,,לא
041333553,מכסה טבור גלגל מרכוב,,,לא
041333561,פקק מילוי ובדיקת שמן,,,לא
041333715,פחית אבטחה מתלה גלגל מרכוב,,,לא
041333740,בורג חיבור מכסה לטבור,,,לא
041334002,דיסקית בלויל,,,לא
041334550,"גובל הנמוכה משופר לתותח ס' 3,4",,,לא
041335009,קופסת פיקוד למערכת כיבוי אש - תא צוות,,,לא
041335025,לוח פיקוד כיבוי אש תא מנוע,,,לא
041336110,כבל חיבור מערזים,,,לא
041336234,קפיץ מחזיר מארז עומד,,,לא
041336340,מכסה מגן למיכל מים,,,לא
041337028,בית מיסבים,,,לא
041337117,מושב כיסא נהג לרכש,,,כן
041337125,משאנת גב כיסא נהג,,,לא
041337265,כיסוי מושב כיסא נהג,,,לא
041337338,מושב נהג,,,לא
041341190,תושבת תיבת אלקטרוניקה טינו,,,לא
041342820,תיבת אלקטרוניקה טינו דור ה,,,כן
041342838,צינור שמן ימין לממסרת מ.צר,,,לא
041342846,צינור שמן ימין מנוע צר משוש 678,,,לא
041342854,צינור שמן שמאל מנוע צר משוש 678,,,לא
041343117,"מד לחץ אנלוגי 0-8; מיליבאר אב""כ",,,לא
041345306,מזלג לפין תמך כסא תותחן בז,,,לא
041345586,מושב כסא תותחן - לרכש,,,לא
041345675,קפיץ,,,לא
041347058,דיסקה לברגי הידוק סיפון,,,לא
041347600,ניפל זכר נקבה משבאת מתח זחל,,,לא
041350881,מתנע למנוע,,,לא
041351110,משנת לכיסה מפקד,,,לא
041352000,פחית לאטם-תושבת מקלע באצילים,,,לא
041352108,מגבר הספק סימן 3 דור ב,,,לא
041352736,קפיץ לידית דלת טיפולים,,,לא
041352862,צינור שמן שמאל מנוע צר משוש 678,,,לא
041353015,מכסה פרסקופ נהג,,,לא
041353023,בית פריסקופ אמצעי מכלל,,,כן
041353074,תפס אפיסקופ,,,לא
041354070,משענת גב לכיסא טען,,,לא
041354160,מנגנון נעילה,,041354208,לא
041354623,מגן ברך מפקד,,,לא
041354712,אום כיונון קפיץ מגן ברך מפקד,,,לא
041355000,מיכל חרטום שמאל,,,לא
041357223,סמך תליה אמצע,,,לא
041357410,סמך מכלל אמצעי סימן 3 בז,,,לא
041357428,סמך אחורי שמאלי לסימן 3 בז,,,לא
041357436,סמך אחורי ימין לסימן 3 בז,,,לא
041357444,אום אבטחה לבורג בזוקה,,,לא
041358254,בורג ראש שטוח למודול מיגון,,,לא
041359005,יח' גירו צריח,,,לא
041359021,ג'יירו תותח,,,לא
041359102,"ניצרת ביטחון ""כח""",,,לא
041359129,מנוע צידוד - מע' כח,,,כן
041359196,ריתמה 431-כוח CEU,,,לא
041359200,רתמה 433 כוח,,,לא
041359277,מדיד מצב,,,לא
041359285,"הינע צידוד ידני ""כח"" סימן 3",,,כן
041359293,הינע הגבהה ידני משופר כח,,,כן
041359307,בקר מפקד - כוח,,,לא
041359471,"ציר קרדני הגבהה - ""כח""",,,לא
041359587,מנוע הכבהה - כח,,,לא
041359617,"ממסרת צידוד כח , מכלל, ס' 3",,,כן
041359641,"ציר קרדני צידוד מע' ""כח""",,,לא
041359684,"כובע גומי לתותב הידוק ממ. ""כח""",,,לא
041359757,דסקת לחץ חיבור ממסרת,,,לא
041359811,מצמד גל גמיש,,,לא
041360062,מצמד מכלל,,,לא
041362049,דיסקה לדירגל תותח,,,לא
041362626,"מתג מאיץ חדש לסימן 2,3,נמר",,,לא
041362847,מגן בוכנת מאיץ,,,לא
041363681,"בסיס""ח-""ריצפה קידמית תה לחימה",,,לא
041364025,ממסר השהיה 60/10 שניות,,,לא
041365714,רפידת משאנת חזה,,,לא
041366141,מארז אופקי אטום ארוך,,,לא
041366508,מארז פצמר 3 חצב,,,לא
041367334,לוח נהג סימן 3,,,כן
041368101,ציר למיסב קצה מוט-דלת אחורית,,,לא
041368276,מיסב קצה מוט לדלת אחורית,,,כן
041368640,דיסקית נעילה 7mb skf,,,לא
041370521,יחידת מחשב ובקרה - כח בז,,,לא
041370548,בקר תותחן,,,לא
041370602,תיבת מתגי תותחן - כח/כחבז,,,לא
041371056,וו חיבור לסל תובה,,,לא
041371080,שרשרת חיבור - מכלל בסל תובה,,,לא
041371153,טבעת עגולה סל תובה,,,לא
041371218,סל תובה שמאל מכלל,,,לא
041371226,סל תובה ימין מכלל,,,כן
041371625,מכסה מילוי דלק,,,כן
041371633,"גריל דלת חצוי בז סיפון בט""ש",,,לא
041373261,מגן רתמות,,,לא
041373270,זרוע תמיכה לארגז תורן צריח,,,לא
041374381,"אטם ""O"" שסתום ריקון לחימה",,,לא
041375256,קפיץ בלימה למארז תורן,,,לא
041376007,תיבת נפעלה עשן מידי,,,לא
041377135,דיסקה מנגנון מדף מפקד,,,לא
041377445,מנגנון מדף מפקד ס' 3,,,כן
041378123,מטאף סובב צריח ( קולקטור ) משופר,,,לא
041380004,רתמה מתאמת למאוורר תותחן,,,לא
041381035,קפיץ מחזיר לנעילת דלת אחורית,,,לא
041381744,מרווח למגן רתמות,,,לא
041382422,מחבר ער 482,,,לא
041382902,ממסר הארקה למרכבה ס' 3,,,לא
041383054,תיבת נצרת צידוד והגבהה מגנטית,,,לא
041383070,מאוורר צוות צנטריפוגלי אפור,,,לא
041383239,פין דלת ממסרת,,,לא
041383321,"רתמה PTT 635 מע ""כח""",,,לא
041383445,כבל בין מצברים (377),,,לא
041383518,מעבר קיר תובה,,,לא
041383526,"כבל קשר למס""צ -328",,,לא
041383593,תיבת הזנה צריח-הרכבה סימן 3,,,כן
041384182,מחוש דלק אחורי מרכבה,,,לא
041384670,שעון שעמ תובה,,,כן
041384697,פתיל הזנה,,,לא
041384700,רתמת 321,,,לא
041384751,תיבת הסתעפות קשר תובה,,,כן
041385014,מתאם מסנן אויר/בורר כניסת אויר,,,לא
041386673,רתמה חשמלית תיבת סעפת 399E,,,לא
041386703,תיבת הסתעפות דור ג',,,לא
041386738,רתמה - 364 רתמת מעבר קיר ממסרת,,,לא
041386789,תיבת הזנה לבז,,,לא
041386940,רתמת מאוורר נהג,,,לא
041390832,רתמה ניתוק מיכל כיבוי אש הער,,,לא
041392142,בורג חף לפגוש הידראולי 190,,,לא
041392150,אום לפגוש גידראולי,,,לא
041392304,"אום לפגוש הדראולי 140 מ""מ",,,לא
041393009,טבור גלגל מרכוב שמאל עם קסוו,,,לא
041393017,טבור גלגל מרכוב ימין עם קסוו,,,לא
041393025,מיסב פנימי טבור גלגל מרכוב,,,לא
041394846,תיבת הזנה כיס צריח-מטנק 101 **,,,לא
041394870,רתמת פקוד 684-בז עם מא **,,,לא
041394889,רגש טמפ במערכת מיזוג אוויר **,,,לא
041394935,צינור מזגן נהג אישי,,,לא
041394943,צינור גמיש תותחן למ''א-הרכבה,,,לא
041394951,צינור גמיש מפקד/טען-מיזוג,,,לא
041397110,בסיס שסתום ראשי מיסוך עשן,,,כן
041397144,שסתום חד כיווני למיסוך עשן,,,כן
041397365,קפיץ לברז מיסוך עשן,,,לא
041397373,ברז כדורי למיסוך עשן,,,לא
041397594,שינן לאלטרנטור לורד,,,לא
041397942,שסתום אל הוזר מע' דלק שוש,,,לא
041398981,קרב מסנן דלק ראשי,,,כן
041399066,קרב מפריד מים,,,לא
041399236,ערכת מסנן שמן,,,לא
041399317,"תיבת חימום קדם הרכבה שו""ש",,,לא
041399503,לוח מפקד - מיזוג,,,כן
041399872,נורית אזהרה ראשית - מוסבת,,,לא
041402563,התקן לטף,,,לא
041420006,נשם מיכל דלק מרכבה,,,לא
041426047,בורג לחיבור זר מניע,,,לא
041429003,"גלגל מרכוב מחוזק ס'3,4 ונמר",,,כן
041431008,גלגל תמך בודד - משופר,,,כן
041431105,חישוק גלגל תמך כפול מגופר**,,,לא
041447761,בוכנה מכלל מתח זחל שמאל,,,כן
041447788,משאבת מתח זחל ימין,,,לא
041447796,משאבת מתח זחל שמאל,,,לא
041450002,מדף דו צירי,,,לא
041450142,פין מדף נהג,,,לא
0416-23390,כנף קדמית מתקפלת ימין,,,כן
041600098,רתמת מתאמת פיקוד מנוע,,,לא
041601035,מחבר ניתוק מהיר מכלל ס'3 ונמר,,,לא
041619589,דסקית בלויל,,,לא
041627930,תיבת אלקטרוניקה לבקרת ממסרת,,,לא
041800780,קנה טבילה (מדיד שמן),,,לא
041806176,צינור זוית משאבת פינוי,,,לא
041807350,נתיך,,011528473,לא
041807385,חבק לצינור אבק,,,לא
041807970,צינור גומי מפוח מרכבה,,,לא
041828145,מהדק לצנרת פליטה קדמית,,,לא
043470001,בקר תותחן משופר,,,לא
060003025,טבעת גומי בין חלקי חשוק ד.חדש (אושקוש),,,לא
060003084,שסתום אויר מיוחד טאטרה,,,לא
060003157,טבעת גומי שסתום אויר טאטרה,,,לא
060003807,שסתום אופן אושקוק,,,לא
060004315,טבעת אטימה אופן FMTV,,,לא
060036020,גלגל אבוב,,,לא
060036098,פנימית גלגל,,,לא
060046336,גומיה ביו חישוקים המר A2,,,לא
061000585,אלטרנטור 24V אדום,,,לא
061000593,אלטרנטור להאמר,,,לא
061301500,נורת בננה 12V לבן,,,לא
061303029,נורת הלוגן 70W\24V + חוט,,,לא
061304029,נורת הלוגן לקוזק 24V/70W + חוט,,,לא
061304100,פנס אסימטרי 7 אוניברסלי,,,לא
061306234,נורה 24W\10V מגע לטנקים,,,לא
061316833,נורה 25W\24V בלם,,,לא
061318291,נורת מחוון 1W\24V,,,לא
061320008,שקע נורה קדמית כללי,,,לא
061328556,פנס קדמי קטן מכלל גיפ,,,כן
061328750,פנס איתות כתום דופן אחורי A1,,,לא
061328823,פנס ראשי+סילוב M151+ראו+המר,,,לא
061334831,נורת בננה 24V,,,לא
061340262,נורת הלוגן P45T 55/50W24V,,,לא
061343938,טבעת אטימה מכסה פנס אטום,,,לא
061362029,פנס צהוב תאורה ללוח מחוונים,,,לא
061500634,ווסת אלק לאלטרנטור אדום 585,,,לא
061650601,נתיך (26 יעוץ) חצי אוטו 10A אטו,,,לא
061761209,צנור בידוד מתכווץ 3/4,,,לא
061761519,נעל כבל,,,לא
061761535,"נעל כבל פת 1.5-25.5 ממ""ר ב6.3",,,לא
061761748,"מקשר מוליך 3-6 ממ""ר צהוב",,,לא
061771050,נעל כבל מצבר חיובי,,,לא
061771182,נעל כבל למצבר חיובי,,,לא
061771204,נעל כבל למצבר שלילי,,,לא
061779450,"שרוול לחיצה 4.3 ממ ""רייקם""",,,לא
061803017,צינור מתכווץ בחום דביק 1/4,,,לא
062700912,רצועה אלטרנטור,,,לא
062700963,רצועה ז 11.3*940 להנעת מש,,,לא
062711213,"רצועה טריזית ז 12.5*1200 מ""מ",,,לא
062711353,רצועה 1350*12.5 הנעת אלטרנטור,,,לא
062711655,רצועה 12.5*1650 אלטרנטור רקמ,,,לא
062711876,"רצועה ז 1875*12.5 מכלת דלק,נגמ",,,לא
062780819,זוג רצועות משאבת מים הגה כוח האמר A1,,,לא
062791055,רצועה ז מאוורר ריו 3/4 X40.73,,,לא
062799870,רצועה ב 4X43.375 מש מים,,,לא
062811536,פיטמה סיכה זווית,,,לא
062813458,פטמת סכה הדראולית,,,לא
062832126,צמיד עם בורג,,,לא
062832240,צמיד עם בורג,,,לא
062847638,מגב שמשה חלון האמר,,,לא
062912154,מח ברך 90 מח פנ 1/8 חצ צנ 5/16,,,לא
063601497,צינור גמיש שמן/דלק 5/16,,,לא
066054551,מיסב קוני מ.מתח פומה/ מרכבה,,,לא
066062864,קסוות מסב דגם 39520 שמוש כלל,,,כן
066063810,קסווה למ.מתח,,,לא
067055500,זרנוק בלם מעל ס קדמי 5 טון,,,לא
067055519,זרנוק בלם קדמי ימין שמאל 5/5,,,לא
067055535,זרנוק בלם סרן אמצעי אחורי 5,,,לא
067056728,אטם נחושת למשאבת אופן קדמי אחורי,,,לא
067058569,בורג חלול למש בלם ראשית ריאו,,,לא
067538935,ניפל לצינור בבלם לקליפר A2,,,לא
067551125,תותב חיצוני לצנור נילון 3/8,,,לא
067551427,צינור נילון לבלמי אויר 3/8,,,לא
100090120,"יח""ב בז אחודה",,,לא
100090139,"צג תותחן / מפקד לבק""ש ס4",,,כן
100099098,"מד נתיע דינמי לבק""ש בז",,,לא
100099101,זיז יחוס,,,לא
100099209,"ברך מג""ב",,,כן
100099217,"תיבת אלקטרוניקה למג""ב",,,לא
100099322,"יע""א בז עם כוונת מפקד",,,לא
100099349,"ישל""ט תותחן/מפקד ל- ""בז-3""",,,לא
100099357,כוונת מפקד,,,לא
100099390,ברך יום כוונת מפקד בז,,,לא
100099756,מתנד כלנית,,,לא
100099870,"יחש""ר ליח""ב בז אחודה",,,לא
113511222,קפיץ בורג קת לגליל אר.קצ ונגב,,,לא
113511257,פין מחבר קת לגליל ונגב,,,לא
113511311,דסקת ציר לקת גליל/ מיני/ נגב,,,לא
113511320,ציר חבור קת לגליל ונגב,,,לא
113512504,ידית דריכה מכלל מ-16 ארוך/ קצר,,,לא
113512610,"סתרשף לרוס""ר מ-16 ארוך/ קצר",,,לא
113512628,דסקית אב סתרשף למ-16 ארוך/קצר,,,לא
113512709,צינורית גזים לM16 ארוך,,,לא
113512776,כוונת יום קדמית M16,,,לא
113512784,טובלן כוונת יום קדמית M16,,,לא
113512792,קפיץ טובלן כוונת קדמית מ16 קצר,,,לא
113512865,אום מצמדת מתפס מ-16 ארוך/קצר,,,לא
113512903,ציר תריס הפלטה למ-16 ארו/קצר,,,לא
113512920,קפיץ תריס הפלטה למ-16 ארוך/קצר,,,לא
113512938,תריס הפלטה מכלל מ-16 ארו/קצ,,,לא
113513136,מנוף עזר לנעילה תתמכלל מ16 אק,,,לא
113513209,פין הנוקר,,,לא
113513217,"נוקר לרוס""ר M16",,,לא
113513225,"מוביל בריח לרוס""ר מ16 ארוך/קצר",,,לא
113513250,בריח מכלל רוסר מ-16 ארו/קצר,,,כן
113513268,"פין מקור רוס""ר מ-16 ארוך/קצר",,,לא
113513276,"מחלץ לרוס""ר מ-16 ארוך/קצר",,,לא
113513292,מפלט לרוסר מ16 ארוך/קצר,,,לא
113513306,קפיץ מפלט/טובלן מחלף נצרה מ-16,,,לא
113513314,טבעת אטימת בריח למ16 ארוך/קצר,,,לא
113513357,מחלק מכלל מ-16 ארוך/קצר,,,לא
113513411,"קת משופרת מכלל רוס""ר מ16 ארוך",,,לא
113513454,בורג ידית אחיזה למ-16 ארוך/קצר,,,לא
113513462,ידית אחיזה לרוסר מ-16 ארוך/קצר,,,לא
113513470,טובלן מחלף ניצרה למ16 ארוך/קצר,,,לא
113513519,בורג עליון לקת(ישנה) מ-16 ארוך,,,לא
113513527,בורג עקב קת תחתון M16 ארוך,,,לא
113513535,חח רצועה אחורית מ-16 ארוך,,,לא
113513578,תריס מתמורת מכלל עקב קת מ-16 ארוך,,,לא
113513608,מתפס חצי עגול מ-16 ארוך,,,לא
113513713,"קפיץ מחזיר לרוס""ר מ-16 ארוך",,,לא
113513730,עצר סרן קפיץ מחזיר למ-16 ארוך,,,לא
113513748,קפיץ עצר סרן קפיץ מחזיר מ16 אר,,,לא
113513772,"קפיץ פטיש רוס""ר מ-16 ארוך קצר",,,לא
113513780,"פטיש מכלל רוס""ר מ-16 ארוך קצר",,,לא
113513799,ציר פטיש והדק למ-16 ארוך קצר,,,לא
113513837,מפסק קשר מ-16 ארוך/קצר,,,לא
113513845,"הדק לרוס""ר מ-16 ארוך קצר",,,לא
113513861,קפיץ מפסק קשר M-16 ארוך בלבד,,,לא
113513900,תפס מחסנית M16 ארוך קצר,,,לא
113513985,דסקת אב בורג ידית אחיזה מ16 קצר,,,לא
113514132,בלם M4,,,לא
113514183,"תפס קת לרוס""ר מ-16 קצר",,,לא
113514191,צינורית גזים לרוסר מ-16 קצר,,,לא
113514221,"קפיץ מחזיר לתמ""ק מ-16 קצר",,,לא
113514264,"קת רוס""ר M16 קצר",,,לא
11351432,בלם M-4,,,לא
113514604,מתפס קצר M-16 סט משופר מכלל,,,לא
113514698,קפיץ מחלץ משופר M-4 M16,,,לא
113515147,מפצה סטיה A-3 M-16,,,לא
113750880,"אום כונת אחורי, מתפס עוזי/ נגב",,,לא
113753366,קפיץ עצר דרוך לעוזי ומקלע נגב,,,לא
121500108,מסמרת גשר קדמית לנגב,,,לא
121500116,גשר לנגב,,,לא
121500132,קפיץ תפס קנה למקלע קל נגב,,,לא
121500140,פין עזר תפס קנה למקלע קל נגב,,,לא
121500167,ציר אבטחת קנה למקלע נגב,,,לא
121500175,קפיץ אבטחת קנה למקלע קל נגב,,,לא
121500183,מסמרת גשר אחורית לנגב,,,לא
121500205,מפלט למקלע קל נגב (H-1),,,לא
121500213,מכסה מפלט משופר לנגב,,,לא
121500221,קפיץ מפלט למקלע קל נגב,,,לא
121500361,ציר תריס מחסנית למקלע קל נגב,,,לא
121500370,ציר תפס מתאם מחסנית מ-16 לנגב,,,לא
121500400,ידית דריכה מכלל נגב,,,לא
121500418,קפיץ טובלן למקלע נגב משופר,,,לא
121500426,לוחית נעילת דרוך מקלע נגב,,,לא
121500450,דרוך תת מכלל מקלע נגב,,,לא
121500469,כפתור דריכה מקלע נגב,,,לא
121500477,טבעת מפלט למקלע נגב,,,לא
121500485,טובלן מיקום ידית דריכה נגב,,,לא
121500507,מנוף הזנה מיכלל למקלע קל נגב,,,לא
121500531,ציר שן הזנה למקלע קל נגב,,,לא
121500558,ציר מנוף הזנה למקלע קל נגב,,,לא
121500604,נתיב סרט מכלל למקלע קל נגב,,,לא
121500817,ציר תריסי הזנה/ הפלטה נגב,,,לא
121500876,קפיץ מכסה גוף למקלע קל נגב,,,לא
121500892,פין ציר מכסה גוף למקלע קל נגב,,,לא
121501147,ציר חיבור דורגל מקלע קל נגב,,,לא
121501198,פחית גוף קידמית למיקלע קל נגב,,,לא
121501228,בורג לחי בית אחיזה מקלע נגב,,,לא
121501309,שמורת הדק למקלע קל נגב,,,לא
121501503,דורגל מכלל למקלע קל נגב,,,לא
121502038,וסת מקלע נגב קל נגב,,,לא
121502046,קפיץ וסת מקלע קל נגב,,,לא
121502054,ידית וסת מקלע קל נגב,,,לא
121502070,בסיס כוונת קדמית מקלע קל נגב,,,לא
121502089,להב מכלל למקלע קל נגב,,,לא
121502119,טובלן להב כוונת נגב / תבור,,,לא
121502127,קפיץ טובלן להב נגב/ תבור,,,לא
121502135,"דיסקית בלוויל, ID=8.2, OD=20",,,לא
121502208,ידית נשיאה מקלע קל נגב,,,לא
121502232,ציר ידית נשיאה למיקלע קל נגב,,,לא
121502240,קפיץ ידית נשיאה למיקלע קל נגב,,,לא
121502259,קפיץ צידוד מקלע נגב,,,לא
121502267,טובלן צידוד למיקלע קל נגב,,,לא
121502275,בורג צידוד מקלע קל נגב,,,לא
121502283,טבעת צידוד מקלע קל נגב,,,לא
121502291,פין טבעת צידוד מקלע קל נגב,,,לא
121502321,בוכנה מקלע קל נגב,,,לא
121502330,פין בוכנה מקלע קל נגב,,,לא
121502348,נוקר מקלע קל נגב,,,לא
121502356,פין ספירלי קפיצי לנוקר נגב,,,לא
121502364,קפיץ בריח מקלע קל ונגב,,,לא
121502380,תפס בריח מקלע קל ונגב,,,לא
121502399,פין ספירלי קפיצי D1 . 5X12 HD,,,לא
121502429,שן חולצת מקלע קל נגב,,,לא
121502437,ציר שן חולצת למיקלע קל ונגב,,,לא
121502445,קפיץ שן חולצת מקלע קל נגב,,,לא
121502534,מוט קפיץ מחזיר מקלע קל נגב,,,לא
121502550,פין קפיץ מחזיר מקלע קל נגב,,,לא
121502607,בית אחיזה + מנגנון מכלל לנגב,,,לא
121503026,סט חומרי חיבור למתפס משופר נגב,,,לא
121503034,תפס הקת למקלע קל נגב,,,לא
121503042,עקב גומי תת מכלל למקלע קל נגב,,,לא
121503050,בורג עקב קת למקלע קל נגב,,,לא
121503069,פין תפס הקת למקלע קל נגב,,,לא
121503077,מפלט לנגב מספר 2,,,לא
121505002,זרוע הבטחת קנה נגב משופר,,,לא
121508036,פין הבטחת קנה נגב משופר,,,לא
121508044,פין הבטחת תפס קנה נגב משופר,,,לא
121508117,עצר דרוך לנגב משופר,,,לא
121508125,תפס קנה למיקלע נגב משופר,,,לא
121508176,סט מתפסים נגב / נגב סער משופר,,,לא
121508338,"פין בוכנה ל-""נגב"" משופר",,,לא
121508400,קפיץ מחזיר מכלל מחוזק לנגב משופר,,,לא
121508435,מכסה דרוך לנגב משופר,,,לא
121508516,קפיץ מחזיר מחוזק לנגב משופר,,,לא
121508591,סט לחיים בית אחיזה מכלל - נגב,,,לא
121508648,קת פלסטיק כולל עקב לנגב,,,לא
121508710,מכסה גוף משופר תת מכלל נגב,,,לא
121508885,ציר מיכסה גוף משופר נגב,,,לא
121508966,בית מחסנית למקלע נגב דגם ג',,,לא
121509202,ידית ווסת משופרת לנגב מכלל,,,לא
123,בדיקה,,,לא
1234,קורונה,,,כן
123400208,מעטפת ידית נשיאה מקלע מאג,,,לא
123400216,אום ידית למקלע מאג/נגב,,,לא
123400259,קסוות ווסת גזים למאג חיר,,,לא
123400364,ידית נשיאה תת מכלל מאג חיר/חשן,,,לא
123400569,פין כנה יצוב דורגל מאג חי''ר/חש''ן,,,לא
123400658,שן דריכה א למאג חיר\חש''ן,,,לא
123401092,פין בית אחיזה מאג אמריקאי,,,לא
123401140,ציר מכסה גוף מאג אמרקאי,,,לא
123401158,מחלץ למקלע מאג חיר/חש''ן,,,לא
123401166,טובלן מחלץ למיקלע מאג,,,לא
123401271,ציר פנימי חוליות חיבור,,,לא
123401310,"נוקר למקלע מאג חי""ר/חש""ן",,,לא
123401328,פוין חולית חיבורלמקלע חיר\חשן,,,לא
123401450,"קפיץ מחזיר מכלל מאג חי""ר/חש""ן",,,לא
123401603,נתיב סרט מאג,,,לא
123401620,"אום ציר מכסה גוף מאג חי''ר/חש""ן",,,לא
123401646,ציר שן עצירת סרט מקלע מאגר חי,,,לא
123401689,פים הבט' קפיצי מנוף הזנה חי''ר/חש''ן,,,לא
123401859,"מנוף הזנה למאג חי""ר/חש""ן",,,לא
123401867,"תפס מנוף הזנה מאג חי""ר/חש""ן",,,לא
123401913,קפיץ שן עצירת סרט מאג חיר/חשן,,,לא
123401921,שן עצירת סרט מקלע מאג חיר,,,לא
123401948,שן הזנה אחורי חיצוני במגזין מאג,,,לא
123401980,שן הזנה פנימי למאג חיר/חשן,,,לא
123401999,ציר שן הזנה פנימי מאג חיר/חשן,,,לא
123402006,"מזין מכלל מקלע מאג חי""ר/חש""ן",,,לא
123402065,קפיץ שן הזנה חיצונית קדמ/אחור,,,לא
123402073,"קפיץ שן הזנה פנימית חי""ר / חש""ן",,,לא
123402081,"טבעת עצר שן עצירה מאג חי""ר/חש""ן",,,לא
123402456,"פין בית אחיזה לח""ר/ חש""ן",,,לא
123402669,קת תת מכלל פלסטיק למאג חיר,,,לא
123403525,תושבת פין בית אחיזה למאג,,,לא
123403754,קפיץ מחלץ מכלל למאג חי''ר/חש''ן,,,לא
123404653,סגר מכסה בורג כו' וסת גז חשן,,,לא
123404696,בית וסת גזים למקלע מאג חש''ן,,,לא
123404939,סטרשפת למקלע מאג חש''ן,,,לא
123405439,"מכסה גוף עם פקטיני למא""ג",,,לא
12345,רנדומלי,,,לא
123450655,שן דריכה דגם ב (ארוכה) מאג,,,לא
1234567,לחסום מיד,,87654321,לא
123456789,Test,,,לא
123960068,"פין מנוף דריכה מק""ב 0.5",,,לא
123960173,"קפיץ מחזיר מכלל למק""כ 0.5",,,לא
123960190,עצר דוקרן דגם ב מקלע כבד 0.5,,,לא
123960220,קפיץ שן הזנה מקלע בר 05,,,לא
123960912,גשר הדק דגם א,,,לא
123960955,פין גשר הדק דגם א מכלל ל 0.5,,,לא
123960998,כפתור כונון גשר הדק מכלל,,,לא
123962273,בורג קדמי מוביל מחלק דריכה,,,לא
123963059,פין פיסת נעילה תתמכלל 0.5,,,לא
123963121,תפס קנה דגם ב למקלע כבד 0.5,,,לא
123965060,"בית קפיץ מקור למק""כ 0.5",,,לא
123965108,קפיץ דוקרן למקלע כבד בראו 0.5,,,לא
123965256,מחלץ מכלל מקלע 0.5,,,לא
123965302,"מחץ הזנה מק""כ בראונינג",,,לא
123965329,פין דריכה למקלע כבד בראו 0.5,,,לא
123965337,"ידית דריכה מכלל מק""כ 0.5",,,לא
123965701,"מנוף הזנה למק""כ",,,לא
123965710,פין סגר מנוף הגנה מכסה גוף,,,לא
123965728,"קפיץ טובלן מנוף הזנה מק""כ",,,לא
123965736,"טובלן מנוף הזנה למק""כ",,,לא
123965744,קפיץ הידוק מחלץ,,,לא
144032039,נוקר משופר מרג' 60 ממ פנימית,,,לא
144039602,כיפת לוע מרג 60 ממ פנימית,,,לא
144045157,נצרת ירי מככל למרגמה רותעת 20,,,לא
144045246,"אום נעילה למרגמה 120 מ""מ רותעת",,,לא
144045807,"טובלן קפיצי, ע/אום 8 מ""מ, 75. 2X1",,,לא
144046684,אנקודר,,,לא
144046889,"ציר למרגמה 120 מ""מ ל""קשת""",,,לא
144106059,בית חח רצועה קד דק/עבה מ203,,,לא
144106067,סגר בית חח רצועה קנה דק/עבה 203,,,לא
144106083,קסווה חיבור מטול M203,,,לא
144106130,בורג הידוק לוח טוחים מטול מ3,,,לא
144106148,"דסקית למטל""ר מ-203",,,לא
144106156,"לוח טווחים למטל""ר מ-203",,,לא
144106202,בורג קובע בסיס כוונת מטול מ3,,,לא
144106229,מתפס מטול מ203,,,לא
144106504,עורפון למטול רימונים מ203,,,לא
144106555,מפסק קשר מ-203,,,לא
144106563,קפיץ מפסק קשר M-203,,,לא
144106571,הדק למטול רימונים מ-203,,,לא
144106580,קפיץ הדק למטול רימונים מ-203,,,לא
144106652,טובלן נצרה למטול רימונים מ-203,,,לא
144106660,קפיץ טובלן נצרה,,,לא
144106687,ציר הדק דגם ב,,,לא
144106717,מחלץ מטול רימונים 40 ממ M203,,,לא
144106725,קפיץ מחלץ למטול רימונים מ-203,,,לא
144106733,"תותב בית מקור מטל""ר מ-203",,,לא
144106989,נצרה למטול רימונים מ-203,,,לא
144123050,"נוקר מרגמה 120 מ""מ קלה סולתם ק6",,,לא
144330064,קסטה מדוכות עשן,,144330900,לא
144330072,כיסוי פלסטי למשגר עשן,,,לא
144330935,פין משיכה קפיצי מכסה משגר עשן,,,לא
157809458,טבעת מפתחות קפיצית,,,לא
157900277,פין ארכובת הפעלת הסדן,,,לא
157900340,טובלן סגורת הסדן,,,כן
157900366,קפיץ טובלן סגירת הסדן,,,לא
157900439,ציר ארכובת הפעלהת סדן,,,כן
157900625,מגופת ציר חולצים,,,לא
157901109,מחזיר מחט ירי,,,לא
157901214,עצר דחיף מחט ירי מגח/מרגמה 1-2-3,,,לא
157901230,קפיץ דחיף מחט ירי,,,לא
157902121,מגופה מחורצת,,,לא
157908243,צינור מיכלמלאילמרכבה1/2/3,,,לא
157908340,סולונאיד מק מקביל,,,לא
157909029,"מפוח מפונה גזים מכלל למרכבה ס' 3,4",,,לא
157909061,פין אחורי מורכב,,,לא
157909070,"פין אחורי למק""ב מרכבה 1-2-3",,,לא
157909088,"טבעת לפינים מק""ב מרכבה",,,לא
157909096,"פין קדמי מורכב למק""ב",,,לא
157909401,מע.מילוי וניקוז מיכל מלאי,,,לא
157909568,קצה פין נשיאה (קפיץ),,,לא
157909657,דסקית אבטחה,,,לא
157909908,כבל דוושת ירי מקלע מקביל,,,לא
157910663,כבל דריכה למק״ב,,,כן
157930257,אוגן קדמי לחלקה,,,לא
157930354,אוגן אחורי לחלקה,,,לא
157930818,רתמת תותח משופרת,,,כן
157930907,מתח ביטחון טען משופר מכלל,,,לא
157931369,פין גזירה לתותח מרכבה 3,,,לא
157933051,"מע' מחט ירי מכלל למרכבה 3,4",,,כן
157933264,פין זרוע חולץ סדן,,,לא
157933280,ציר חולצים לבית סדן,,,לא
157933361,דחיף מחט ירי משופר למרכבה 3,,,לא
157934651,חולץ ימין מכלל,,,כן
157934708,"חולץ שמאל מכלל למרכבה 3,4",,,כן
157935100,"עוקב הפעלת סדן מרכבה 3,4",,,כן
157935305,ארכובת הפעלת סדן,,,כן
157935607,"מנוף הפעלת סדן מכלל למרכבה 3,4",,,לא
157935810,גל הפעלת סדן לקפיץ ספירלי חל,,,כן
157935828,פין קצר לציר דריכה מרכבה 3,,,לא
157935836,פין ארוך לציר דריכה מרכבה 3,,,לא
157935844,מותחן קפיץ סדן למרכבה 3,,,כן
157935852,"קפיץ פיתול סדן למרכבה 3,4",,,כן
157937006,מטה כרכובים לחלקה,,,לא
157937111,גלגלון למטה כרכובים סימן 3,,,לא
157937120,ציר גלגלון למטה כרכובים סימן 3,,,לא
157938657,מסילה שמלית למטה כרכובים,,,לא
157940651,מתג בטחון טען משופר,,,לא
157940805,מכולל ירי חרום משופר,,,לא
157941208,סדן למרכבה,,,לא
157981064,בוחן מעגלי ירי,,,לא
157981498,"ערכת מילוי חנקן ""חלקה""",,,לא
158406420,פיטמת סיכה מנגנון חזרה,,,לא
161701858,אטם גומי לפריסקופ מ-17,,,לא
163014912,נתיך לכוונת יום ( ט.ר.פ. ),,,לא
163036037,"מיגון לראש כוונת מפקד בז מקר""מ",,,כן
165353013,מוצא כיוון,,,לא
167121012,מתג חירום,,,לא
167212611,בורג אלן קוני,,,לא
167231314,תוף טווחים,,,לא
167231322,יחידת צילום - בז,,,לא
167233058,מרכז אינרציאלי,,,לא
167236448,צג יתוש מפקד/תותחן,,,לא
167239030,"מסך יתו""ש",,,כן
167265030,רתמה חשמלית 827,,,לא
167613411,ראש מראה (כוונת תותחן),,,לא
167613420,גוף כוונת - בז,,,כן
167613462,"צג תותחן / מפקד לבק""ש בז",,,לא
167622526,מתג מצב אפס,,,לא
167622534,ממסר ירי 50 אמפר,,,לא
167622640,נורית מצב אפס,,,לא
167655505,עידן דור ב,,,כן
167760058,אטם מסופק,,,לא
168016409,"בורג אלן עם ראש נמוך 6X25 מ""מ",,,לא
1699-20923,אום שטנגה גז,,,לא
169920923,אום שטנגה גז,,,לא
1800,אחת שמנה מאוד,,,לא
18001800,אחת שמנה מאוד,,,לא
200114159,חיבור מהיר 1/2 חבר פנימי,,,לא
200115074,מנורה מטלטלת 12V נורת ליבון,,,לא
266620659,"מד גבול תחתון ל""חלקה"" 120 מ""מ",,,לא
280050806,"משאבת שמן לחץ גבוה לרק""ם",,,לא
280089001,בואג בוכנת מיכל מלאי,,,לא
280432776,"רצועת קשירה,מטען; תחמושת **",,,לא
280507385,כבל ירי,,,לא
280510009,"זרוע ירי נגמ""ש",,,לא
280510777,"כנה מקלע מא""ג לקשת",,,לא
280586099,שרשרת פין מחבר אחורי 0.3,,,לא
280586684,שרשרת מתקונים,,,לא
280586820,שרשרת מכלל 300 ממ למתקוני,,,לא
280931802,"כנה מכלל מערום הינע סופי נגמ""ש",,,לא
280954144,ערכה לשטיפה ומילוי חנקן במערכות אופטיות,,,לא
284052056,פין אחורי מכלל,,,לא
284101502,פין שרשרת לכנת מקלע,,,לא
284101553,"פין אחורי, כנת מקלע 0.5",,,לא
284252616,תמך ארגז פעולה טען קשר,,,לא
284253175,פין חיבור קדמי (ללא שרשרת),,,לא
284253183,פין חיבור אחורי מכלל,,,לא
335801636,ספריי לניקוי מגעים,,,לא
341091039,נורית לוח נהג,,,לא
343428022,דיסקית קפיצית 10,,,לא
346753889,"תווית ליקוט למנו""ף",,,לא
348330586,מגן רשת למאוורר,,,לא
352400513,נורית כיבוי אש,,,לא
352400696,נורת חיווי להט 28V,,,לא
353000012,עדשה שקופה,,,לא
353550012,נתיך,,,לא
354203154,בית נתיך,,,לא
4411035890,נורת מחוונים 24V,,,לא
441135890,נורת מחוונים 24V,,,לא
4440429104,כיסוי פלסטי למשגר עשן,,,לא
4440503625,פין,,,לא
463105448,שמן 9105,,,לא
506150329,מברג גוץ שטוח,,,לא
508034180,מברג פיליפס,,,לא
510412222,מפתח סג דומ 5/8-9/16,,,לא
514010129,ידית תקיעים קרקש תקע,,,לא
595172047,מברשת פלדה עם ידית,,,לא
595540429,אסוך לחץ עם צינור גמיש 0.2 ליטר,,,לא
630043557,ברג ד5 אחג משושה 1/2*1/4,,,לא
630044618,ברג ד5 אחג משושה 1*3/8,,,לא
630045118,בורג ראש משושה 7/16,,,לא
630085616,בורג ד8 אחד משושה,,,לא
630252652,ברג ד2 אחג פן פלפס 3/8 מס' 10,,,לא
631047157,בורג ד5 אחד משושה,,,לא
631085695,בורג ד8 אחד משושה,,,לא
6330-43655,בורג שטנגה גז,,,לא
633043574,ברג ד5 אחד משושה 5/8*1/4,,,לא
633043655,בורג שטנגה גז,,,לא
633044619,בורג 3/8,,,לא
633044627,בורג,,,לא
633045577,בורג ד5 אחד משושה,,,לא
633045593,בורג ד5 אחד משושה,,,לא
633045615,בורג ד5 אחד משושה,,,לא
633045623,בורג ד5 אחד משושה,,,לא
633084610,ברג ד8 אחד משושה 1*3/8,,,לא
633084637,בורג ד8 אחד משושה,,,לא
633087113,בורג ד8 אחד משושה,,,לא
633087628,ברג ד8 אחד משושה 21/4*3/4,,,לא
634044817,לולב ד5 אחד משושה 4*3/8,,,לא
634047654,לולב ד5 אחד משושה 1/2 2*3/4,,,לא
634047670,לולב ד5 אחד משושה,,,לא
634047697,לולב ד5 אחד משושה,,,לא
634085750,לולב ד8 אחד משושה,,,לא
634087150,לולב ד8 אחד משושה,,,לא
634942130,אומים טח אחד משושה 1/4,,,לא
634942203,אום סגר,,,לא
634942700,אום משושה נמוך עדין ד5 5/8,,,לא
634945300,אום טח אחד משושה נע פלסטי 3/8,,,לא
634945350/041061561,אום לזר מניע,,,לא
638043564,בורג ראש משושה 1/2,,,לא
640030593,אומים,,,לא
640040593,אום,,,לא
651681138,ברג אלן עם ראש אחד 1*5/16,,,לא
652582583,ברג אלן עם ראש בלמ 10*4 ממ,,,לא
652583083,"בורג אלן עם ראש בלמ 5*10 מ""מ",,,לא
652584152,בורג אלן עם ראש בלמ 25*8 ממ,,,לא
666200233,"פין פציל פלדה 1X10 מ""מ",,,לא
666220129,פין קפיצי פרספטי 1/4 1/16,,,לא
666220358,פין קפיצי פוספטי 3/32*1/2,,,לא
666240464,פין קפיצי קדמיום 3/4 *1/8,,,לא
666250230,פין קפיצי כבד 8*2,,,לא
666250249,"פין קפיצי כבד 2X10 מ""מ",,,לא
666250427,"פין קפיצי כבד 16*2.5 מ""מ",,,לא
666250559,פין קפיץ,,,לא
666250567,"פין קפיצי כבד 3*14 מ""מ",,,לא
666250591,"פין קפיצי כבד 20*3 מ""מ",,,לא
666250931,פין קפיצי כבד 4X16,,,לא
666250974,פין קפיצי כבד 4X24,,,לא
666251024,פין קפיצי כבד 4X36,,,לא
666251393,פין קפיצי כבד 5X32,,,לא
666252403,פין חלול קפיצי 1X26X12,,,לא
6665-06162,דיסקית קפיץ 3/8,,,לא
666500083,דיסקית פל שטוח 64 8*3 16*3,,,לא
666500229,דיסקית פל שטוח 1/16*3/4*3/8,,,לא
666500270,דיסקית פל שטוח 5/64* 1*7/16,,,לא
666500962,דיסקית פל שטוח 9/64*1/2 1*3/4,,,לא
6665027752,דיסקית פל שטוח 1/8 3/8,,,לא
666506146,דיסקית קפיצית,,,לא
666506162,אום 3/8,,,לא
666506189,דיסקית קפיצית 1/2,,,לא
666507223,"דיסקית אבטחה 3/4""",,,לא
667018056,ספריי צבע אדום,,,לא
667018072,ספריי צבע ירוק,,,לא
667371082,ספריי לניקוי קרבורטור,,,לא
667389011,תרסיס לשחרור הברגות,,,לא
667389542,תרסיס לניקוי עדשות 240 מלל,,,לא
667389585,ספריי למנועי דיזל,,,לא
747807000,מכסה דלק יצוק מונמך,,041089873,לא
83288263,אטם קונדסטור,,,לא
לבדוק,מחזיר שמן להאמר,,,לא
סל תובה ימין מכלל,041371226,,,לא
תרומה,מגרזת מילווקי,,,לא
